step,mean_abs_attr
0,0.0007732362
1,0.000735934
2,0.0007112351
3,0.0007552461
4,0.0009748767
5,0.0012259182
6,0.001697848
7,0.0023450772
8,0.0025043285
9,0.0046762666
10,0.005935759
11,0.016267184
