step,mean_abs_attr
0,0.005528812
1,0.011163997
2,0.01388714
3,0.017910805
