step,mean_abs_attr
0,0.003953938
1,0.004332414
2,0.0035897805
3,0.003251357
4,0.0030816558
5,0.002942017
6,0.0060239225
7,0.014792015
