lag,mean_abs_attr
0,0.005466204
1,0.0044244006
2,0.0037576468
3,0.0033039893
4,0.003335993
5,0.004457677
6,0.009519486
7,0.020594876
