step,mean_abs_attr
0,0.011517929
1,0.010228355
2,0.012017663
3,0.024365567
