step,mean_abs_attr
0,0.00428738
1,0.0046302574
2,0.0036659322
3,0.0031757292
4,0.0037166164
5,0.0041756015
6,0.0048337635
7,0.021507304
