lag,mean_abs_attr
0,0.0014022796
1,0.0006769398
2,0.00069473643
3,0.0005809694
4,0.00052149844
5,0.00039608008
6,0.00029198706
7,0.00022059889
8,0.00028719357
9,0.00034594856
10,0.0003693561
11,0.00033036494
12,0.0002649278
13,0.00021222627
14,0.0002812802
15,0.00035436839
16,0.00041380562
17,0.0004035319
18,0.00033115613
19,0.00023900892
20,0.0002797866
21,0.0003834701
22,0.00046797624
23,0.00046799952
24,0.00038667046
25,0.0002848016
26,0.00027068495
27,0.0003331401
28,0.00040846333
29,0.00043641985
30,0.0003824855
31,0.00029271375
32,0.00024156584
33,0.0002872721
34,0.00039666248
35,0.0004788931
36,0.0004750959
37,0.000408097
38,0.00033139234
39,0.00031286725
40,0.00037742898
41,0.0004532885
42,0.00047591742
43,0.0004447435
44,0.00038486294
45,0.00033158582
46,0.0003264192
47,0.00040958828
48,0.0005117192
49,0.0005547678
50,0.00052633893
51,0.00047244603
52,0.00046555325
53,0.00051235396
54,0.0005854749
55,0.0006014337
56,0.0005909598
57,0.00058912777
58,0.00055733265
59,0.0005427565
60,0.0006080366
61,0.00071101525
62,0.0007290506
63,0.0006632793
64,0.0006248622
65,0.0006602269
66,0.0007586019
67,0.0008036959
68,0.0008225307
69,0.0007742477
70,0.0007742971
71,0.00077426585
72,0.0007883692
73,0.0007942361
74,0.00082571607
75,0.00079209486
76,0.0006896964
77,0.0006531488
78,0.00075353676
79,0.00088631234
80,0.0009594889
81,0.0009262577
82,0.000925416
83,0.0009587255
84,0.0010349997
85,0.0012289786
86,0.0011792562
87,0.00097200985
88,0.00092020875
89,0.00082987343
90,0.0008231248
91,0.00089887204
92,0.0009063485
93,0.0010794745
94,0.004959011
95,0.013909591
