cutoff,rmse_kwh
0.0,10.35303680818296
0.25,12.063593158356486
0.5,15.592789422454201
0.75,17.890968371400646
