cutoff,rmse_kwh
0.0,13.030761622708605
0.25,13.030761622708605
0.5,13.030761622708605
0.75,13.030761622708605
