cutoff,rmse_kwh
0.0,10.57299456502605
0.25,13.750784867341405
0.5,14.531483772232386
0.75,15.25793516370209
