cutoff,rmse_kwh
0.0,9.42589852202524
0.25,11.651218638695758
0.5,11.651511942069158
0.75,11.619563578048032
