cutoff,rmse_kwh
0.0,9.632122106186909
0.25,12.519994058189372
0.5,12.495369476724242
0.75,13.023540923699045
