cutoff,rmse_kwh
0.0,12.146334971539336
0.25,13.99330283288286
0.5,13.993303137269233
0.75,13.991423675651237
