cutoff,rmse_kwh
0.0,9.209153185611994
0.25,10.797130126025893
0.5,10.903728749861967
0.75,12.32305089730715
