cutoff,rmse_kwh
0.0,9.022992267554896
0.25,10.68543318129183
0.5,11.115564467386852
0.75,12.165825289908414
