cutoff,rmse_kwh
0.0,10.702414105802388
0.25,12.538217422282882
0.5,15.475617374499626
0.75,17.518932697811643
