cutoff,rmse_kwh
0.0,10.576095318745129
0.25,12.786144152705837
0.5,12.786144280960414
0.75,12.78614420961275
