cutoff,rmse_kwh
0.0,9.103183282821165
0.25,10.45211600169174
0.5,10.458371264889335
0.75,11.005796855717332
