cutoff,rmse_kwh
0.0,9.553262685359131
0.25,14.24454883566398
0.5,14.631697101675133
0.75,17.119120240997212
