cutoff,rmse_kwh
0.0,11.415345014288041
0.25,11.415345014288041
0.5,11.415345014288041
0.75,11.415345014288041
