cutoff,rmse_kwh
0.0,9.001866778363073
0.25,12.576555358614648
0.5,11.353873215164104
0.75,12.089007572765698
