cutoff,rmse_kwh
0.0,9.041265886565638
0.25,11.342716099156899
0.5,11.154522371545589
0.75,12.0078659348545
