cutoff,rmse_kwh
0.0,10.028420193833016
0.25,11.21514966604679
0.5,11.644937681875563
0.75,14.895853238967176
