cutoff,rmse_kwh
0.0,9.07265705850862
0.25,9.8376601698887
0.5,9.39376828197329
0.75,10.803813594674022
