cutoff,rmse_kwh
0.0,8.8512578344737
0.25,8.851257854878838
0.5,8.85125783609384
0.75,8.851194444091375
