cutoff,rmse_kwh
0.0,8.692376341339243
0.25,8.738235237627137
0.5,10.672967278650265
0.75,12.253791949087828
