cutoff,rmse_kwh
0.0,8.636858542491
0.25,10.319025909121523
0.5,12.032745662066697
0.75,13.563308034683919
