cutoff,rmse_kwh
0.0,8.187367146499094
0.25,8.185465364816528
0.5,8.204217145544225
0.75,12.08896757530156
