cutoff,rmse_kwh
0.0,9.242462490106345
0.25,11.025214596263133
0.5,15.129213127247684
0.75,18.451677267462255
