cutoff,rmse_kwh
0.0,10.249701256824471
0.25,13.854095470365234
0.5,14.97737576008359
0.75,19.748438469707196
