cutoff,rmse_kwh
0.0,14.414370380179273
0.25,14.414370380179273
0.5,14.414370380179273
0.75,14.414370380179273
