cutoff,rmse_kwh
0.0,9.051275512277744
0.25,9.051276695636187
0.5,9.051288000799758
0.75,9.024130859523552
