cutoff,rmse_kwh
0.0,9.57143389085318
0.25,11.411535353641575
0.5,11.429669274014085
0.75,13.912945902653247
