cutoff,rmse_kwh
0.0,9.758175395352117
0.25,9.758175545290854
0.5,9.758175447980467
0.75,9.758526917334096
