cutoff,rmse_kwh
0.0,9.191873998002103
0.25,9.24440832050472
0.5,9.471312732014322
0.75,12.118392457694442
