cutoff,rmse_kwh
0.0,9.511611870584225
0.25,9.491029804798707
0.5,9.320924550114313
0.75,11.096298128714347
