cutoff,rmse_kwh
0.0,11.660092904492862
0.25,13.172458556064745
0.5,16.71849395335391
0.75,18.34463388855524
