cutoff,rmse_kwh
0.0,10.897388047059227
0.25,10.897388134180055
0.5,10.897388188752979
0.75,10.897388109239007
