cutoff,rmse_kwh
0.0,9.048687968393734
0.25,9.043233916029028
0.5,9.018568028647916
0.75,9.16396404899101
