cutoff,rmse_kwh
0.0,9.629817814824769
0.25,15.370657227395816
0.5,16.46872418312311
0.75,18.847843453249673
