attr,baseline_rmse,rmse_zero,delta
Usage_kWh,9.667307063089371,22.261206387244503,12.593899324155132
Day_of_week,9.667307063089371,9.878454387738499,0.21114732464912755
