attr,baseline_rmse,rmse_zero,delta
Leading_Current_Power_Factor,10.400653654516242,11.708717190183766,1.3080635356675234
Usage_kWh,10.400653654516242,20.145994645200425,9.745340990684182
