attr,baseline_rmse,rmse_zero,delta
Usage_kWh,13.871319656620791,27.19080752990391,13.31948787328312
Lagging_Current_Reactive.Power_kVarh,13.871319656620791,16.091823612895613,2.220503956274822
