attr,baseline_rmse,rmse_zero,delta
Usage_kWh,10.124566193497373,20.90161477937956,10.777048585882188
Load_Type,10.124566193497373,14.12772269931149,4.003156505814118
