attr,baseline_rmse,rmse_zero,delta
Day_of_week,9.542301512673388,9.98403542481094,0.4417339121375523
Leading_Current_Reactive_Power_kVarh,9.542301512673388,9.843720441040466,0.3014189283670774
