attr,baseline_rmse,rmse_zero,delta
Load_Type,10.536641521274182,15.944751431424638,5.408109910150456
NSM,10.536641521274182,16.466773119034574,5.930131597760392
