attr,baseline_rmse,rmse_zero,delta
Lagging_Current_Reactive.Power_kVarh,10.064246021570947,10.609452616945061,0.5452065953741148
Day_of_week,10.064246021570947,10.465089668242289,0.4008436466713423
