attr,baseline_rmse,rmse_zero,delta
Usage_kWh,10.683158378118808,20.607143360333463,9.923984982214655
WeekStatus,10.683158378118808,11.701913832595014,1.0187554544762065
