attr,baseline_rmse,rmse_zero,delta
Day_of_week,9.609474911757296,10.370035812423,0.7605609006657037
Usage_kWh,9.609474911757296,19.645939099731784,10.036464187974488
