attr,baseline_rmse,rmse_zero,delta
Lagging_Current_Reactive.Power_kVarh,10.238349300543607,10.68890254032941,0.450553239785803
Day_of_week,10.238349300543607,10.894704283664014,0.6563549831204067
