attr,baseline_rmse,rmse_zero,delta
Usage_kWh,9.74600497199026,20.183493235725496,10.437488263735236
Load_Type,9.74600497199026,15.932620366285429,6.186615394295169
