attr,baseline_rmse,rmse_zero,delta
Usage_kWh,11.009990594770509,21.746018743465818,10.73602814869531
CO2(tCO2),11.009990594770509,11.20287599637384,0.19288540160333056
