step,mean_abs_attr
0,0.0063515706
1,0.0104299635
2,0.013585004
3,0.01741541
