step,mean_abs_attr
0,0.0032104484
1,0.0026429214
2,0.001864393
3,0.0023550477
4,0.0025437833
5,0.0040214523
6,0.005953822
7,0.0154198455
