step,mean_abs_attr
0,0.0041362387
1,0.0052515264
2,0.008393848
3,0.020204496
