cutoff,rmse_kwh
0.0,12.825734825084943
0.25,12.825734825084943
0.5,12.825734825084943
0.75,12.825734825084943
