cutoff,rmse_kwh
0.0,10.220853739338711
0.25,13.707189759720718
0.5,13.612747569019222
0.75,13.655637437808261
