cutoff,rmse_kwh
0.0,9.89334036370045
0.25,9.895817912639203
0.5,9.893704553624024
0.75,9.874850859010026
