cutoff,rmse_kwh
0.0,9.892487885801888
0.25,12.442105680657138
0.5,13.974733625893917
0.75,15.109493016492548
