cutoff,rmse_kwh
0.0,9.620156415743311
0.25,13.294884520084839
0.5,15.238248914341861
0.75,14.583968002533583
