cutoff,rmse_kwh
0.0,10.456098287181536
0.25,10.456098431447646
0.5,10.456097075699041
0.75,10.45069832724063
