cutoff,rmse_kwh
0.0,8.843523074298112
0.25,9.600084646755585
0.5,10.367512227089719
0.75,12.959177155190744
