cutoff,rmse_kwh
0.0,10.561790730469163
0.25,17.033424874118566
0.5,19.072740192328677
0.75,17.95124242399203
