cutoff,rmse_kwh
0.0,9.542381447598174
0.25,9.420062141416437
0.5,9.404408687655359
0.75,12.350645332380875
