cutoff,rmse_kwh
0.0,11.022843590135155
0.25,11.022843347807568
0.5,11.022843495380732
0.75,11.02284341099204
