cutoff,rmse_kwh
0.0,9.516976182028191
0.25,9.520457033950185
0.5,9.410905454039497
0.75,10.66025257097664
