cutoff,rmse_kwh
0.0,10.604561087552213
0.25,13.331659210100057
0.5,15.02548640266586
0.75,15.726196066246773
