attr,baseline_rmse,rmse_zero,delta
Usage_kWh,8.374930456579659,29.26244164932218,20.887511192742522
Lagging_Current_Power_Factor,8.374930456579659,16.895590319872106,8.520659863292448
