attr,baseline_rmse,rmse_zero,delta
Usage_kWh,11.497694766130236,43.35017370429325,31.85247893816301
Lagging_Current_Reactive.Power_kVarh,11.497694766130236,11.884186930713396,0.38649216458316005
