attr,baseline_rmse,rmse_zero,delta
Usage_kWh,8.868159331302717,31.399348552251293,22.531189220948576
NSM,8.868159331302717,15.383462738766031,6.515303407463314
