attr,baseline_rmse,rmse_zero,delta
Usage_kWh,9.760453510415386,28.000945044657087,18.2404915342417
Lagging_Current_Power_Factor,9.760453510415386,13.166490688676841,3.406037178261455
