attr,baseline_rmse,rmse_zero,delta
Usage_kWh,8.498960141375447,29.974091347011537,21.47513120563609
NSM,8.498960141375447,14.749184447657752,6.2502243062823055
