attr,baseline_rmse,rmse_zero,delta
Day_of_week,8.774803028222292,8.791138176528484,0.016335148306191982
Usage_kWh,8.774803028222292,32.42783781232142,23.653034784099127
