attr,baseline_rmse,rmse_zero,delta
Usage_kWh,8.785410418756346,28.472010324591096,19.68659990583475
NSM,8.785410418756346,13.239310747981275,4.453900329224929
