attr,baseline_rmse,rmse_zero,delta
Lagging_Current_Power_Factor,8.869470325441274,10.130733574052577,1.2612632486113036
CO2(tCO2),8.869470325441274,9.016832609287508,0.14736228384623473
