step,mean_abs_attr
0,0.004988718
1,0.0064995894
2,0.009396828
3,0.019870412
