step,mean_abs_attr
0,0.0024837945
1,0.0027104323
2,0.0018396564
3,0.0020699115
4,0.0022238733
5,0.0036960517
6,0.0070249913
7,0.019695198
