attr,baseline_rmse,rmse_zero,rmse_noise,delta_zero,delta_noise
Leading_Current_Reactive_Power_kVarh,10.400653654516242,10.92437207154052,10.499276212673887,0.523718417024277,0.0986225581576452
Day_of_week,10.400653654516242,10.487949877528067,10.41302690881655,0.08729622301182438,0.012373254300307224
