attr,baseline_rmse,rmse_zero,rmse_noise,delta_zero,delta_noise
Usage_kWh,8.636858542491,29.645580059669246,16.260563446719484,21.008721517178245,7.623704904228484
Lagging_Current_Power_Factor,8.636858542491,11.277905601273842,8.694205073041434,2.641047058782842,0.05734653055043459
