attr,baseline_rmse,rmse_zero,rmse_noise,delta_zero,delta_noise
Usage_kWh,8.869470325441274,31.146308973501448,14.612918698774068,22.276838648060174,5.743448373332795
Lagging_Current_Power_Factor,8.869470325441274,10.130733574052577,9.000904067902015,1.2612632486113036,0.13143374246074124
