attr,baseline_rmse,rmse_zero,rmse_noise,delta_zero,delta_noise
Usage_kWh,9.041265886565638,30.853407897371742,16.19216669979373,21.812142010806106,7.150900813228093
Leading_Current_Reactive_Power_kVarh,9.041265886565638,9.579136037017285,9.577836116685296,0.5378701504516474,0.5365702301196578
