cutoff,rmse_kwh
0.0,8.708258772818807
0.25,11.267037948695885
0.5,11.311940514658664
0.75,12.043481621781295
