cutoff,rmse_kwh
0.0,11.175203658951625
0.25,11.175203658951625
0.5,11.175203658951625
0.75,11.175203658951625
