cutoff,rmse_kwh
0.0,8.392686699931014
0.25,9.914996270059504
0.5,11.042929683326879
0.75,11.264320614125166
