cutoff,rmse_kwh
0.0,8.891034446462635
0.25,12.191346546658378
0.5,13.120203983592136
0.75,13.494145804251657
