cutoff,rmse_kwh
0.0,8.668144319293631
0.25,9.386173231056734
0.5,10.419715589890876
0.75,11.919521936142578
