cutoff,rmse_kwh
0.0,8.758785824625374
0.25,9.192451525246812
0.5,9.558305848357191
0.75,9.86524719830402
