cutoff,rmse_kwh
0.0,8.492432586818309
0.25,9.519275258899716
0.5,9.519275360487772
0.75,9.51927525789071
