cutoff,rmse_kwh
0.0,8.776986120705605
0.25,11.570431635571921
0.5,12.538111088193029
0.75,13.450891850385778
