cutoff,rmse_kwh
0.0,8.483077920693828
0.25,9.603691286967996
0.5,9.575243338683302
0.75,10.26043827618486
