attr,baseline_rmse,rmse_zero,delta
Usage_kWh,11.175203658951625,39.471488577142296,28.296284918190672
WeekStatus,11.175203658951625,11.492198383753635,0.31699472480200974
