attr,baseline_rmse,rmse_zero,delta
Usage_kWh,8.708258772818807,33.32006797983407,24.611809207015263
hour_cos,8.708258772818807,18.13434705666337,9.426088283844562
