attr,baseline_rmse,rmse_zero,delta
Usage_kWh,8.392686699931014,35.15515543179498,26.76246873186397
Leading_Current_Power_Factor,8.392686699931014,10.634205832744927,2.241519132813913
