attr,baseline_rmse,rmse_zero,delta
Lagging_Current_Power_Factor,8.668144319293631,8.963317189071422,0.2951728697777902
Usage_kWh,8.668144319293631,35.313053463169936,26.644909143876305
