attr,baseline_rmse,rmse_zero,delta
Usage_kWh,8.891034446462635,31.261968959236896,22.370934512774262
WeekStatus,8.891034446462635,9.205385805337228,0.31435135887459253
