attr,baseline_rmse,rmse_zero,delta
Usage_kWh,8.758785824625374,36.24840751067262,27.489621686047247
Day_of_week,8.758785824625374,8.88151066001246,0.12272483538708556
