attr,baseline_rmse,rmse_zero,delta
Usage_kWh,8.776986120705605,36.30933160377303,27.532345483067427
Lagging_Current_Power_Factor,8.776986120705605,11.423465901491022,2.646479780785418
