attr,baseline_rmse,rmse_zero,delta
Lagging_Current_Reactive.Power_kVarh,8.483077920693828,9.137560842194064,0.6544829215002359
hour_cos,8.483077920693828,8.843855630297464,0.3607777096036351
