cutoff,rmse_kwh
0.0,9.96436864984979
0.25,9.964319003761046
0.5,9.964473531348482
0.75,10.05520478633949
