cutoff,rmse_kwh
0.0,11.065124684670236
0.25,12.583543378638373
0.5,13.827348101088466
0.75,15.46461930442795
