cutoff,rmse_kwh
0.0,12.45443895336162
0.25,12.45443895336162
0.5,12.45443895336162
0.75,12.45443895336162
