cutoff,rmse_kwh
0.0,9.662589908165234
0.25,13.537669590476108
0.5,12.617650269658894
0.75,14.202562451153451
