cutoff,rmse_kwh
0.0,9.457634950861003
0.25,12.733275042744138
0.5,14.074310174545301
0.75,13.744021218274828
