cutoff,rmse_kwh
0.0,8.987191769155691
0.25,8.98719187316206
0.5,8.987198130735859
0.75,8.986336470564774
