cutoff,rmse_kwh
0.0,10.0546159838025
0.25,10.410551103280806
0.5,11.726535974432668
0.75,13.005190306757843
