cutoff,rmse_kwh
0.0,9.22236529059562
0.25,16.394915448213002
0.5,17.740160318079457
0.75,17.915636182048164
