cutoff,rmse_kwh
0.0,11.758110385327663
0.25,11.75811031709498
0.5,11.758110376715571
0.75,11.758110618935046
