cutoff,rmse_kwh
0.0,9.391476241789967
0.25,9.42525583975897
0.5,9.362481710070409
0.75,9.322454787100721
