cutoff,rmse_kwh
0.0,9.701694814221717
0.25,14.006233258835717
0.5,15.001304084557384
0.75,16.7399645709966
