attr,baseline_rmse,rmse_zero,delta
Usage_kWh,10.35303680818296,29.4529306693359,19.09989386115294
Day_of_week,10.35303680818296,10.475564072852238,0.12252726466927832
