attr,baseline_rmse,rmse_zero,delta
Usage_kWh,13.030761622708605,24.84999442917372,11.819232806465115
WeekStatus,13.030761622708605,13.601890861155299,0.5711292384466944
