attr,baseline_rmse,rmse_zero,delta
Lagging_Current_Power_Factor,9.42589852202524,11.53944552296673,2.113547000941491
hour_cos,9.42589852202524,12.74253411327821,3.3166355912529717
