attr,baseline_rmse,rmse_zero,delta
Usage_kWh,10.57299456502605,28.23885802024356,17.665863455217508
Load_Type,10.57299456502605,14.700246732658224,4.127252167632173
