attr,baseline_rmse,rmse_zero,delta
Usage_kWh,9.632122106186909,27.645888154513987,18.013766048327078
Day_of_week,9.632122106186909,9.939547358401256,0.30742525221434747
