attr,baseline_rmse,rmse_zero,delta
Usage_kWh,12.146334971539336,26.775147320270612,14.628812348731277
hour_sin,12.146334971539336,15.219214899808355,3.0728799282690193
