attr,baseline_rmse,rmse_zero,delta
Usage_kWh,9.209153185611994,27.524985365785195,18.315832180173203
Lagging_Current_Power_Factor,9.209153185611994,11.848773368964205,2.6396201833522106
