attr,baseline_rmse,rmse_zero,delta
Usage_kWh,10.702414105802388,24.00700167640238,13.30458757059999
Load_Type,10.702414105802388,17.45371623014085,6.75130212433846
