attr,baseline_rmse,rmse_zero,delta
Day_of_week,9.022992267554896,9.78277093646248,0.7597786689075843
Lagging_Current_Reactive.Power_kVarh,9.022992267554896,9.568897000818064,0.5459047332631677
