attr,baseline_rmse,rmse_zero,delta
Load_Type,10.576095318745129,13.543731800140685,2.967636481395557
Day_of_week,10.576095318745129,11.126136607129315,0.5500412883841861
