attr,baseline_rmse,rmse_zero,delta
Leading_Current_Power_Factor,9.103183282821165,13.02119313536439,3.918009852543225
hour_cos,9.103183282821165,12.637183230113699,3.533999947292534
