attr,baseline_rmse,rmse_zero,delta
Usage_kWh,9.553262685359131,27.69106418062922,18.13780149527009
hour_cos,9.553262685359131,15.260940531439896,5.707677846080765
