step,mean_abs_attr
0,0.002381545
1,0.0019774132
2,0.0052497634
3,0.01989263
