step,mean_abs_attr
0,0.0015780056
1,0.0013781512
2,0.0012501904
3,0.0012823578
4,0.002355112
5,0.0033154231
6,0.006703043
7,0.020003865
