step,mean_abs_attr
0,0.007109704
1,0.0122230705
2,0.013680686
3,0.0195965
