step,mean_abs_attr
0,0.0048709386
1,0.0036136485
2,0.0080040535
3,0.023762178
