step,mean_abs_attr
0,0.0047164722
1,0.0030028208
2,0.0028144452
3,0.0020870392
4,0.0026994518
5,0.0036766059
6,0.0055999975
7,0.017469585
