attr,baseline_rmse,rmse_zero,delta
Usage_kWh,11.065124684670236,27.988697988812394,16.92357330414216
Load_Type,11.065124684670236,15.126247149282209,4.061122464611973
