attr,baseline_rmse,rmse_zero,delta
Usage_kWh,12.45443895336162,21.776663669370965,9.322224716009345
hour_cos,12.45443895336162,52.09452312580792,39.640084172446294
