attr,baseline_rmse,rmse_zero,delta
Lagging_Current_Reactive.Power_kVarh,9.96436864984979,10.861762300506177,0.8973936506563867
Leading_Current_Power_Factor,9.96436864984979,13.38847422308472,3.424105573234929
