attr,baseline_rmse,rmse_zero,delta
Usage_kWh,9.662589908165234,28.93000593069005,19.267416022524817
Leading_Current_Power_Factor,9.662589908165234,12.120675473640937,2.4580855654757023
