attr,baseline_rmse,rmse_zero,delta
hour_cos,9.457634950861003,13.599000039773347,4.141365088912345
hour_sin,9.457634950861003,14.66216672472161,5.204531773860607
