attr,baseline_rmse,rmse_zero,delta
Usage_kWh,8.987191769155691,26.346786698610618,17.35959492945493
hour_cos,8.987191769155691,14.331583236712708,5.344391467557017
