attr,baseline_rmse,rmse_zero,delta
Load_Type,10.0546159838025,14.786167575549651,4.7315515917471505
Usage_kWh,10.0546159838025,26.78785175909293,16.73323577529043
