attr,baseline_rmse,rmse_zero,delta
hour_sin,9.738184640934529,15.54481240349636,5.806627762561831
Usage_kWh,9.738184640934529,26.826859999916216,17.08867535898169
