attr,baseline_rmse,rmse_zero,delta
Usage_kWh,9.22236529059562,26.291884816417955,17.069519525822336
hour_cos,9.22236529059562,15.206065947838722,5.9837006572431015
