attr,baseline_rmse,rmse_zero,delta
Leading_Current_Power_Factor,11.758110385327663,12.478775341483837,0.720664956156174
hour_sin,11.758110385327663,14.468936851796322,2.7108264664686583
