attr,baseline_rmse,rmse_zero,delta
hour_cos,9.391476241789967,13.270321583365734,3.878845341575767
Load_Type,9.391476241789967,14.481684605003387,5.090208363213421
