attr,baseline_rmse,rmse_zero,delta
Usage_kWh,9.701694814221717,27.46216772555027,17.760472911328552
Load_Type,9.701694814221717,14.598438132572923,4.896743318351206
