attr,baseline_rmse,rmse_zero,delta
Day_of_week,9.89334036370045,10.072485619118792,0.17914525541834259
Usage_kWh,9.89334036370045,27.086393052752367,17.193052689051918
