attr,baseline_rmse,rmse_zero,delta
Usage_kWh,12.825734825084943,25.10324832860081,12.277513503515866
WeekStatus,12.825734825084943,13.400723851457167,0.5749890263722239
