attr,baseline_rmse,rmse_zero,delta
Usage_kWh,9.892487885801888,27.77684459115298,17.88435670535109
hour_cos,9.892487885801888,18.645085533971145,8.752597648169257
