attr,baseline_rmse,rmse_zero,delta
Usage_kWh,10.220853739338711,27.718909687642125,17.498055948303413
Load_Type,10.220853739338711,14.685131884349452,4.464278145010741
