attr,baseline_rmse,rmse_zero,delta
Load_Type,9.620156415743311,13.91377236171864,4.293615945975329
Usage_kWh,9.620156415743311,27.31510285669752,17.69494644095421
