attr,baseline_rmse,rmse_zero,delta
Lagging_Current_Power_Factor,8.843523074298112,10.277007915648436,1.4334848413503245
Usage_kWh,8.843523074298112,28.27268052124729,19.429157446949176
