attr,baseline_rmse,rmse_zero,delta
hour_sin,10.456098287181536,15.874721046808787,5.418622759627251
Lagging_Current_Reactive.Power_kVarh,10.456098287181536,11.047474160606104,0.5913758734245675
