attr,baseline_rmse,rmse_zero,delta
Usage_kWh,9.542381447598174,26.833471144739402,17.291089697141228
Load_Type,9.542381447598174,15.33352626132063,5.791144813722456
