attr,baseline_rmse,rmse_zero,delta
Usage_kWh,10.561790730469163,26.889529677383507,16.327738946914344
hour_cos,10.561790730469163,16.862034194187462,6.300243463718299
