attr,baseline_rmse,rmse_zero,delta
Usage_kWh,11.022843590135155,24.086542709455777,13.063699119320622
hour_sin,11.022843590135155,17.12257076957332,6.099727179438164
