attr,baseline_rmse,rmse_zero,delta
Usage_kWh,9.516976182028191,28.643734190056346,19.126758008028155
hour_cos,9.516976182028191,13.208431971358788,3.691455789330597
