attr,baseline_rmse,rmse_zero,delta
Usage_kWh,10.604561087552213,27.265582688518514,16.6610216009663
Lagging_Current_Power_Factor,10.604561087552213,11.00920187209912,0.4046407845469062
