attr,baseline_rmse,rmse_zero,delta
Usage_kWh,9.001866778363073,29.896726531069543,20.89485975270647
Lagging_Current_Reactive.Power_kVarh,9.001866778363073,9.617694499398537,0.6158277210354637
