attr,baseline_rmse,rmse_zero,delta
Usage_kWh,11.415345014288041,35.12389378299091,23.70854876870287
WeekStatus,11.415345014288041,11.457371537355415,0.0420265230673742
