attr,baseline_rmse,rmse_zero,delta
Usage_kWh,9.041265886565638,30.853407897371742,21.812142010806106
Day_of_week,9.041265886565638,8.923252597214718,-0.11801328935091959
