attr,baseline_rmse,rmse_zero,delta
WeekStatus,9.07265705850862,9.307273644059414,0.23461658555079445
Usage_kWh,9.07265705850862,31.098627633912265,22.025970575403647
