attr,baseline_rmse,rmse_zero,delta
Usage_kWh,10.028420193833016,31.291557012019446,21.26313681818643
CO2(tCO2),10.028420193833016,10.364993845224019,0.3365736513910029
