attr,baseline_rmse,rmse_zero,delta
Day_of_week,8.692376341339243,8.642885029047672,-0.04949131229157011
WeekStatus,8.692376341339243,8.99956874765474,0.3071924063154974
