attr,baseline_rmse,rmse_zero,delta
Usage_kWh,8.636858542491,29.645580059669246,21.008721517178245
Lagging_Current_Power_Factor,8.636858542491,11.277905601273842,2.641047058782842
