attr,baseline_rmse,rmse_zero,delta
CO2(tCO2),8.187367146499094,8.69782871653183,0.5104615700327368
Lagging_Current_Power_Factor,8.187367146499094,11.550165554278458,3.362798407779364
