cutoff,rmse_kwh
0.0,8.720022468990953
0.25,10.946819281575891
0.5,11.327240820108692
0.75,12.045613754805613
