cutoff,rmse_kwh
0.0,11.343105208492924
0.25,11.343105208492924
0.5,11.343105208492924
0.75,11.343105208492924
