cutoff,rmse_kwh
0.0,8.789670692940675
0.25,9.872638326915085
0.5,11.848019032186915
0.75,11.758001891836162
