cutoff,rmse_kwh
0.0,10.288863452596107
0.25,11.229426020488773
0.5,12.23055021636949
0.75,13.430998439233111
