cutoff,rmse_kwh
0.0,8.566513852533815
0.25,8.870154309327885
0.5,9.752361883230618
0.75,11.637887982328923
