cutoff,rmse_kwh
0.0,8.576239957957686
0.25,9.232554866876688
0.5,9.23255488029542
0.75,9.232554833010227
