cutoff,rmse_kwh
0.0,8.94316133915027
0.25,9.015845435656885
0.5,10.086777295853318
0.75,11.372838846940986
