cutoff,rmse_kwh
0.0,9.326755888215835
0.25,11.779108471562155
0.5,12.747116259994144
0.75,13.293402777902388
