cutoff,rmse_kwh
0.0,8.408039329676209
0.25,9.180439701265925
0.5,9.20437975374588
0.75,10.36784322464366
