attr,baseline_rmse,rmse_zero,delta
Usage_kWh,8.328125013700285,34.582178045172384,26.254053031472097
Lagging_Current_Power_Factor,8.328125013700285,11.586664763153696,3.2585397494534103
