attr,baseline_rmse,rmse_zero,delta
Usage_kWh,11.377288777265134,37.90953581642202,26.532247039156886
WeekStatus,11.377288777265134,11.588872425839496,0.2115836485743614
