attr,baseline_rmse,rmse_zero,delta
Usage_kWh,8.635576463016045,35.31668940324183,26.681112940225788
hour_sin,8.635576463016045,11.752612047632187,3.1170355846161417
