attr,baseline_rmse,rmse_zero,delta
Usage_kWh,8.65990185840065,35.91730832814779,27.25740646974714
Leading_Current_Power_Factor,8.65990185840065,9.701061541123421,1.0411596827227712
