attr,baseline_rmse,rmse_zero,delta
Usage_kWh,9.89267752713983,33.789847524790446,23.897169997650614
hour_cos,9.89267752713983,17.573269209766703,7.680591682626874
