attr,baseline_rmse,rmse_zero,delta
Usage_kWh,8.40647583102073,36.93210600258791,28.52563017156718
hour_cos,8.40647583102073,11.111504701272917,2.705028870252187
