attr,baseline_rmse,rmse_zero,delta
hour_cos,8.679887241525387,11.712212581896676,3.0323253403712886
Leading_Current_Power_Factor,8.679887241525387,11.143549777388074,2.463662535862687
