attr,baseline_rmse,rmse_zero,delta
Usage_kWh,8.5550150668076,36.332525200411496,27.777510133603897
hour_cos,8.5550150668076,11.6633254624033,3.1083103955956997
