attr,baseline_rmse,rmse_zero,delta
hour_sin,8.330166056125769,10.256899996234159,1.9267339401083898
Lagging_Current_Reactive.Power_kVarh,8.330166056125769,9.613560777945922,1.2833947218201534
