track,model,window,spearman,p_value,n_attrs
15min,double,16,0.5333333333333333,0.13922686754397814,9
