track,model,window,spearman,p_value,n_attrs
15min,double,24,-0.13333333333333333,0.7323675052362975,9
