track,model,window,spearman,p_value,n_attrs
15min,double,4,0.41666666666666663,0.26458604674749614,9
