track,model,window,spearman,p_value,n_attrs
15min,double,672,-0.2833333333333333,0.46003032896571994,9
