track,model,window,spearman,p_value,n_attrs
15min,double,64,-0.33333333333333337,0.38071318167686347,9
