track,model,window,spearman,p_value,n_attrs
15min,double,8,0.8333333333333333,0.005265691029161748,9
