cutoff,rmse_kwh
0.0,13.871319656620791
0.25,13.871319656620791
0.5,13.871319656620791
0.75,13.871319656620791
