cutoff,rmse_kwh
0.0,10.400653654516242
0.25,12.398392661198034
0.5,12.398632747331389
0.75,12.391232241999289
