cutoff,rmse_kwh
0.0,10.124566193497373
0.25,12.624944518806835
0.5,16.780820891960524
0.75,17.28327005237683
