cutoff,rmse_kwh
0.0,9.667307063089371
0.25,11.516361420676937
0.5,14.557685133761339
0.75,18.071816197998487
