cutoff,rmse_kwh
0.0,9.542301512673388
0.25,11.607658847792168
0.5,11.971240779762464
0.75,13.488563218542517
