cutoff,rmse_kwh
0.0,10.064246021570947
0.25,11.847815938330525
0.5,12.037617593246495
0.75,12.65450514221317
