cutoff,rmse_kwh
0.0,10.536641521274182
0.25,12.442874253435614
0.5,12.443124678845072
0.75,12.438383964154353
