cutoff,rmse_kwh
0.0,10.683158378118808
0.25,13.280878903866803
0.5,16.951625898606977
0.75,18.36156182092351
