cutoff,rmse_kwh
0.0,9.609474911757296
0.25,11.374351673220385
0.5,11.598722570910173
0.75,12.387992145406502
