cutoff,rmse_kwh
0.0,10.238349300543607
0.25,12.608180521879408
0.5,12.608180769898455
0.75,12.608182356303137
