cutoff,rmse_kwh
0.0,9.74600497199026
0.25,11.595844602401325
0.5,11.37560507822083
0.75,12.325980680574371
