cutoff,rmse_kwh
0.0,11.009990594770509
0.25,13.976283047387252
0.5,15.133779603180008
0.75,18.11761117094024
