attr,baseline_rmse,rmse_zero,delta
Usage_kWh,8.720022468990953,31.167515773159167,22.447493304168212
Leading_Current_Reactive_Power_kVarh,8.720022468990953,9.301318949827003,0.5812964808360501
