attr,baseline_rmse,rmse_zero,delta
Usage_kWh,11.343105208492924,35.873469089827786,24.530363881334864
WeekStatus,11.343105208492924,11.366751605071707,0.023646396578783424
