attr,baseline_rmse,rmse_zero,delta
Usage_kWh,8.789670692940675,30.350982956539085,21.56131226359841
NSM,8.789670692940675,16.105828468282233,7.3161577753415585
