attr,baseline_rmse,rmse_zero,delta
WeekStatus,8.566513852533815,8.867787993144876,0.3012741406110617
Lagging_Current_Power_Factor,8.566513852533815,9.301962397218336,0.7354485446845214
