attr,baseline_rmse,rmse_zero,delta
Usage_kWh,10.288863452596107,29.367423653364305,19.078560200768198
WeekStatus,10.288863452596107,10.384212938174498,0.09534948557839051
