attr,baseline_rmse,rmse_zero,delta
Leading_Current_Power_Factor,8.94316133915027,9.971444307354897,1.0282829682046266
Usage_kWh,8.94316133915027,30.95181902529412,22.00865768614385
