attr,baseline_rmse,rmse_zero,delta
Usage_kWh,9.326755888215835,30.62003473319046,21.293278844974626
Leading_Current_Power_Factor,9.326755888215835,14.380334451007206,5.053578562791371
