attr,baseline_rmse,rmse_zero,delta
Usage_kWh,8.408039329676209,31.89322791827196,23.485188588595754
Day_of_week,8.408039329676209,8.625563480293538,0.21752415061732933
