step,mean_abs_attr
0,0.005534807
1,0.009359352
2,0.011873745
3,0.022486957
