attr,baseline_rmse,rmse_zero,delta
Usage_kWh,10.988673040714838,44.5484074826154,33.55973444190057
hour_cos,10.988673040714838,22.05496451070614,11.0662914699913
