attr,baseline_rmse,rmse_zero,delta
Usage_kWh,8.55774543071931,34.38573728116879,25.82799185044948
hour_sin,8.55774543071931,11.166081965238837,2.608336534519527
