attr,baseline_rmse,rmse_zero,delta
Usage_kWh,8.437483629175103,33.30445899326447,24.866975364089363
Lagging_Current_Reactive.Power_kVarh,8.437483629175103,9.246765423294619,0.8092817941195154
