attr,baseline_rmse,rmse_zero,delta
Usage_kWh,8.600725571344165,32.81164622447864,24.21092065313448
Lagging_Current_Power_Factor,8.600725571344165,11.120076535833551,2.5193509644893854
