attr,baseline_rmse,rmse_zero,delta
Usage_kWh,8.806201175565143,29.660503433743518,20.854302258178375
WeekStatus,8.806201175565143,9.099005408574838,0.2928042330096954
