attr,baseline_rmse,rmse_zero,delta
hour_sin,8.689901432678674,9.443066792105958,0.7531653594272836
Lagging_Current_Power_Factor,8.689901432678674,11.491632969080502,2.801731536401828
