attr,baseline_rmse,rmse_zero,delta
Lagging_Current_Power_Factor,8.517513761783418,13.493852586601745,4.976338824818328
hour_cos,8.517513761783418,13.0737380818119,4.556224320028482
