attr,baseline_rmse,rmse_zero,delta
Usage_kWh,9.690300198418768,32.519455127848175,22.829154929429407
WeekStatus,9.690300198418768,9.945546490379343,0.25524629196057447
