attr,baseline_rmse,rmse_zero,delta
Day_of_week,8.510516026715697,8.63209925687308,0.12158323015738226
Usage_kWh,8.510516026715697,33.48294131476524,24.972425288049543
