attr,value
Usage_kWh,0.16451374737294616
Lagging_Current_Reactive.Power_kVarh,0.03131722969180619
WeekStatus,0.024867907574144404
Load_Type,0.01750793352329553
Lagging_Current_Power_Factor,0.014728073876860507
CO2(tCO2),0.013538319610281084
Leading_Current_Reactive_Power_kVarh,0.013411653215112646
NSM,0.012608630904314902
Leading_Current_Power_Factor,0.006225798683623454
Day_of_week,0.005564593730229139
