cutoff,rmse_kwh
0.0,11.377288777265134
0.25,11.377288777265134
0.5,11.377288777265134
0.75,11.377288777265134
