cutoff,rmse_kwh
0.0,8.328125013700285
0.25,10.856123113411337
0.5,12.76197615121107
0.75,12.430190940397816
