cutoff,rmse_kwh
0.0,8.635576463016045
0.25,10.052999701960857
0.5,14.410520466460445
0.75,11.748143343576094
