cutoff,rmse_kwh
0.0,9.89267752713983
0.25,12.163588942305514
0.5,11.947271843829913
0.75,13.15334045253158
