cutoff,rmse_kwh
0.0,8.65990185840065
0.25,8.842819817884815
0.5,9.470878657463931
0.75,11.789133679093515
