cutoff,rmse_kwh
0.0,8.679887241525387
0.25,8.6798872466451
0.5,8.679887205576057
0.75,8.679889254044765
