cutoff,rmse_kwh
0.0,8.40647583102073
0.25,8.40647412953898
0.5,9.016758709705707
0.75,9.767496042452487
