cutoff,rmse_kwh
0.0,8.5550150668076
0.25,12.059021748984414
0.5,12.170768215027705
0.75,12.243351731865271
