cutoff,rmse_kwh
0.0,8.330166056125769
0.25,8.325819358699631
0.5,8.943108714781756
0.75,11.389052441132074
