lag,mean_abs_attr
0,0.0028871158
1,0.0037088718
2,0.0031865048
3,0.002526537
4,0.0026645795
5,0.003494436
6,0.0057328874
7,0.014346734
