attr,val
Leading_Current_Reactive_Power_kVarh,0.061766248427118586
CO2(tCO2),0.0459429654792122
Usage_kWh,0.034009624128727524
Lagging_Current_Reactive.Power_kVarh,0.030119000045715834
Leading_Current_Power_Factor,0.028933680706829792
Load_Type,0.02542061900479832
Day_of_week,0.01808297189778026
NSM,0.014862080359400225
Lagging_Current_Power_Factor,0.014771775058539082
WeekStatus,0.014039445825888935
