track,model,window,spearman,p_value,n_attrs
15min,bidir,24,0.19999999999999998,0.6059012741795533,9
