track,model,window,spearman,p_value,n_attrs
15min,bidir,4,0.7999999999999999,0.00962792472537983,9
