track,model,window,spearman,p_value,n_attrs
15min,bidir,672,-0.03333333333333333,0.932156735540504,9
