track,model,window,spearman,p_value,n_attrs
15min,bidir,96,-0.7833333333333333,0.012519873019449882,9
