step,mean_abs_attr
0,0.0063208425
1,0.0093744565
2,0.0118938815
3,0.01730753
