step,mean_abs_attr
0,0.007639377
1,0.0066052405
2,0.004268208
3,0.0045461613
4,0.0053883204
5,0.005415661
6,0.010877218
7,0.02208734
