track,model,window,spearman,p_value,n_attrs
15min,single,48,0.11666666666666665,0.7650079429261462,9
