track,model,window,spearman,p_value,n_attrs
15min,single,672,-0.21666666666666667,0.5755148957119259,9
