step,mean_abs_attr
0,0.004292784
1,0.0031023356
2,0.004312343
3,0.020341853
