step,mean_abs_attr
0,0.0026068375
1,0.001083783
2,0.0007819108
3,0.00092175585
4,0.0014967445
5,0.002566405
6,0.0057058763
7,0.017737288
