attr,baseline_rmse,rmse_zero,delta
Usage_kWh,13.733635354560748,24.911404400812355,11.177769046251607
WeekStatus,13.733635354560748,13.994387191110306,0.2607518365495576
