attr,baseline_rmse,rmse_zero,delta
Usage_kWh,10.401412810387205,22.233813734097293,11.832400923710088
Lagging_Current_Reactive.Power_kVarh,10.401412810387205,10.438807079106075,0.037394268718870194
