attr,baseline_rmse,rmse_zero,delta
Usage_kWh,9.466494038763004,19.49372123317775,10.027227194414747
Leading_Current_Power_Factor,9.466494038763004,11.878812362314243,2.412318323551238
