attr,baseline_rmse,rmse_zero,delta
Day_of_week,9.834653397682565,10.163199536446934,0.3285461387643682
Usage_kWh,9.834653397682565,21.67378286740671,11.839129469724146
