attr,baseline_rmse,rmse_zero,delta
Usage_kWh,8.899685148398575,19.658452208546308,10.758767060147733
Lagging_Current_Power_Factor,8.899685148398575,10.213062298215597,1.313377149817022
