attr,baseline_rmse,rmse_zero,delta
NSM,9.313292445778186,15.721689083079672,6.408396637301486
CO2(tCO2),9.313292445778186,12.64516393373142,3.331871487953233
