attr,baseline_rmse,rmse_zero,delta
Load_Type,9.79007910603476,15.354053244160468,5.563974138125708
Lagging_Current_Power_Factor,9.79007910603476,10.777519727667917,0.9874406216331568
