attr,baseline_rmse,rmse_zero,delta
Usage_kWh,9.868601784954437,22.296997442851577,12.42839565789714
WeekStatus,9.868601784954437,10.728480489943559,0.8598787049891214
