attr,baseline_rmse,rmse_zero,delta
NSM,10.180231647068458,15.087781288077133,4.907549641008675
Usage_kWh,10.180231647068458,16.753976264502956,6.573744617434498
