attr,baseline_rmse,rmse_zero,delta
Leading_Current_Power_Factor,9.527828517060351,11.546606841358741,2.01877832429839
NSM,9.527828517060351,16.763519275094676,7.235690758034325
