attr,baseline_rmse,rmse_zero,delta
Usage_kWh,9.999830266993493,20.652573770559975,10.652743503566482
Load_Type,9.999830266993493,16.024383649083624,6.024553382090131
