cutoff,rmse_kwh
0.0,11.497694766130236
0.25,11.497694766130236
0.5,11.497694766130236
0.75,11.497694766130236
