cutoff,rmse_kwh
0.0,8.374930456579659
0.25,11.227244936321751
0.5,12.202858282976221
0.75,15.780419043673636
