cutoff,rmse_kwh
0.0,8.868159331302717
0.25,10.76548025403433
0.5,12.412641929690118
0.75,11.863550354026914
