cutoff,rmse_kwh
0.0,8.498960141375447
0.25,9.570472618390346
0.5,11.448861012503988
0.75,10.916895284886037
