cutoff,rmse_kwh
0.0,9.760453510415386
0.25,11.141478676536103
0.5,12.507784080864282
0.75,12.96906868920114
