cutoff,rmse_kwh
0.0,8.713933564407123
0.25,8.713933562118564
0.5,8.713933601313455
0.75,8.713958608691176
