cutoff,rmse_kwh
0.0,8.774803028222292
0.25,8.88910177011549
0.5,10.05035630562469
0.75,9.84136531072405
