cutoff,rmse_kwh
0.0,8.785410418756346
0.25,11.698223395063277
0.5,14.15772617262387
0.75,16.409294832683848
