cutoff,rmse_kwh
0.0,8.869470325441274
0.25,8.920544689898877
0.5,9.368769321973849
0.75,10.947404824775607
