cutoff,rmse_kwh
0.0,8.55774543071931
0.25,10.52995323884202
0.5,15.267569681470949
0.75,12.445938889050545
