cutoff,rmse_kwh
0.0,10.988673040714838
0.25,10.988673040714838
0.5,10.988673040714838
0.75,10.988673040714838
