cutoff,rmse_kwh
0.0,8.437483629175103
0.25,9.95214452816085
0.5,11.407885426254607
0.75,11.379746560749664
