cutoff,rmse_kwh
0.0,8.600725571344165
0.25,8.763327077455612
0.5,9.097757633668607
0.75,11.116012860273926
