cutoff,rmse_kwh
0.0,8.806201175565143
0.25,14.250502231154277
0.5,12.726003509716103
0.75,13.67170982833899
