cutoff,rmse_kwh
0.0,8.689901432678674
0.25,8.68990141663959
0.5,8.689901377511893
0.75,8.68986865529142
