cutoff,rmse_kwh
0.0,8.517513761783418
0.25,8.685645598569902
0.5,9.731687060649014
0.75,11.356651461994108
