cutoff,rmse_kwh
0.0,9.690300198418768
0.25,12.447541726061088
0.5,12.021572613461158
0.75,12.159501920480706
