cutoff,rmse_kwh
0.0,8.510516026715697
0.25,8.510159849475317
0.5,8.499835217252798
0.75,9.172081323740818
