step,mean_abs_attr
0,0.0029890917
1,0.003571146
2,0.008503236
3,0.019654308
