step,mean_abs_attr
0,0.0021011753
1,0.0018670965
2,0.0017002613
3,0.0019553711
4,0.001980232
5,0.0044020903
6,0.008892219
7,0.020890873
