cutoff,rmse_kwh
0.0,9.834653397682565
0.25,10.977679433152913
0.5,13.50257207187113
0.75,17.03832296295173
