cutoff,rmse_kwh
0.0,10.401412810387205
0.25,16.316470831499164
0.5,18.39930129302861
0.75,17.989241350897846
