cutoff,rmse_kwh
0.0,13.733635354560748
0.25,13.733635354560748
0.5,13.733635354560748
0.75,13.733635354560748
