cutoff,rmse_kwh
0.0,9.466494038763004
0.25,9.466492522281865
0.5,9.4666270801191
0.75,9.444645464560153
