cutoff,rmse_kwh
0.0,8.899685148398575
0.25,10.944349609663824
0.5,11.63736554580893
0.75,13.6534416106483
