cutoff,rmse_kwh
0.0,9.79007910603476
0.25,9.79007904389457
0.5,9.790079075995033
0.75,9.789745004508388
