cutoff,rmse_kwh
0.0,9.313292445778186
0.25,9.30678393050539
0.5,9.357913158629234
0.75,11.51837413019479
