cutoff,rmse_kwh
0.0,10.180231647068458
0.25,9.797719816178486
0.5,9.872645898391838
0.75,11.711049882574288
