cutoff,rmse_kwh
0.0,9.868601784954437
0.25,15.561665936926492
0.5,16.679982065829357
0.75,19.42242622417103
