cutoff,rmse_kwh
0.0,11.472599006262127
0.25,11.47259899988928
0.5,11.472599371791732
0.75,11.472599066841635
