cutoff,rmse_kwh
0.0,9.527828517060351
0.25,9.517443038473138
0.5,9.363576205160372
0.75,10.01050162007488
