cutoff,rmse_kwh
0.0,9.999830266993493
0.25,14.595144270561143
0.5,15.726634918161098
0.75,17.53987467726971
