lag,mean_abs_attr
0,0.0017278589
1,0.0017581631
2,0.0019486947
3,0.0018203116
4,0.0027852005
5,0.0048231864
6,0.0062511154
7,0.017275799
