attr,baseline_rmse,rmse_zero,delta
Lagging_Current_Power_Factor,9.051275512277744,9.227634428352799,0.1763589160750545
NSM,9.051275512277744,15.537101766787748,6.485826254510004
