attr,baseline_rmse,rmse_zero,delta
Usage_kWh,10.249701256824471,22.709173417007776,12.459472160183305
NSM,10.249701256824471,18.876135019951082,8.626433763126611
