attr,baseline_rmse,rmse_zero,delta
Usage_kWh,14.414370380179273,25.504115346687552,11.08974496650828
Lagging_Current_Reactive.Power_kVarh,14.414370380179273,16.129292039113217,1.7149216589339442
