attr,baseline_rmse,rmse_zero,delta
Usage_kWh,9.57143389085318,21.344956398152085,11.773522507298905
Load_Type,9.57143389085318,14.033024278318809,4.461590387465629
