attr,baseline_rmse,rmse_zero,delta
Leading_Current_Power_Factor,9.758175395352117,13.062758113834283,3.304582718482166
NSM,9.758175395352117,14.412714623733368,4.6545392283812514
