attr,baseline_rmse,rmse_zero,delta
Usage_kWh,9.191873998002103,20.286769883666512,11.094895885664409
NSM,9.191873998002103,15.836081371242953,6.6442073732408495
