attr,baseline_rmse,rmse_zero,delta
Usage_kWh,11.660092904492862,20.394979744193925,8.734886839701064
WeekStatus,11.660092904492862,13.374775707118365,1.7146828026255037
