attr,baseline_rmse,rmse_zero,delta
Usage_kWh,9.511611870584225,19.297625499576803,9.786013628992578
NSM,9.511611870584225,15.262687493781899,5.751075623197673
