attr,baseline_rmse,rmse_zero,delta
Usage_kWh,9.629817814824769,21.3126511862335,11.68283337140873
Load_Type,9.629817814824769,15.69942880182626,6.069610987001491
